ClassName,MethodName,Visibility,ByteSize,#Instructions,CyclomaticComplexity,#Parameters,#LocalVariables
jdf/tools/io/Directory,<init>,public,48,27,2,1,3
jdf/tools/io/Directory,<init>,public,27,15,1,1,2
jdf/tools/io/Directory,canRead,public,8,4,1,0,1
jdf/tools/io/Directory,canWrite,public,8,4,1,0,1
jdf/tools/io/Directory,exists,public,8,4,1,0,1
jdf/tools/io/Directory,filter,public,99,51,1,1,3
jdf/tools/io/Directory,getAbsolutePath,public,8,4,1,0,1
jdf/tools/io/Directory,getFilter,private,14,10,1,1,4
jdf/tools/io/Directory,getName,public,5,3,1,0,1
jdf/tools/io/Directory,list,public,8,4,1,0,1
jdf/tools/io/Directory,list,public,9,5,1,1,2
jdf/tools/io/Directory,listFiles,public,8,4,1,0,1
jdf/tools/io/Directory,listFiles,public,9,5,1,1,2
jdf/tools/io/Directory,listFiles,public,9,5,1,1,2
jdf/tools/io/Directory,listFiles,public,10,6,1,1,2
jdf/tools/io/Directory,listFiles,public,144,74,8,1,9
jdf/tools/io/Directory,listFiles,public,82,41,4,2,7
jdf/tools/io/Directory,listFiles,public,11,7,1,2,3
jdf/tools/io/Directory,mkdir,public,8,4,1,0,1
jdf/tools/io/Directory,printFiles,private,28,16,3,1,2
